id,username,password,firstname,lastname,ip_address
1,tchowne0,"xC3/Gna7YjX""",Tallulah,Chowne,88.104.176.241
2,mmcgibbon1,tM3#OMV>N,Magda,McGibbon,220.6.102.66
3,irivel2,lA2=Seoa,Ilka,Rivel,142.53.71.148
4,jexter3,"qV0?YVZ7S8}""IHl",Jereme,Exter,108.232.187.230
5,agiraudo4,"iQ0~X,Y%aeJtm~G1",Alard,Giraudo,127.199.180.247
6,qcourtman5,"rT5,*DXGF",Quillan,Courtman,215.206.141.161
7,eseldon6,"sU0+.bW,YhGl!'L",Emmie,Seldon,92.37.185.175
8,jmylechreest7,"hS2""3f8`{e?Nq",Jami,Mylechreest,99.251.180.46
9,hvenny8,sM6@UAmkF(R?p,Hasheem,Venny,142.117.47.245
10,eaukland9,rY8)$Y!4R,Erek,Aukland,113.29.104.143
11,emewtona,"tE4@/=8(,",Elysia,Mewton,101.238.96.237
12,pdurwardb,tB5/i3{d,Phillis,Durward,119.213.155.244
13,amatthewesc,aH3/VNJ=+!|FKm5R,Aarika,Matthewes,19.193.13.34
14,ccannyd,gN6#mNC/W6,Celestia,Canny,156.175.148.103
15,nbritchere,yB1>8q!f,Noelyn,Britcher,48.48.18.209
16,pbinfordf,rJ0?Kr*@w,Puff,Binford,250.60.39.34
17,mblezardg,kX8=RL5A,Mortimer,Blezard,233.123.169.65
18,kdenleyh,iB9*3v1!,Kermie,Denley,122.84.211.148
19,hgrinikhinovi,wG5?T\MvPY*k0v~*,Heidi,Grinikhinov,56.225.188.192
20,tdearnaleyj,"cJ0,38,|",Tyrone,Dearnaley,71.194.113.45
21,bpolhillk,lI3=x$f*X)ih,Birgit,Polhill,140.19.36.88
22,lmerriganl,"wD6_jKp""KRf",Lamond,Merrigan,176.48.82.163
23,dlandsboroughm,"dC6,'UA)bU$",Derrik,Landsborough,91.13.161.68
24,ceckersleyn,zO0.$'O)NyYL#s*<,Cyb,Eckersley,47.89.158.156
25,rfishbourno,vJ7'<lAbH`gD,Ruthann,Fishbourn,119.2.99.150
26,bconstantinep,xV6/UM9sw1`)@D2s,Brnaba,Constantine,31.114.66.63
27,ekarppiq,eA2@4/._XL,Eugenius,Karppi,252.50.243.65
28,dedelheitr,yK6&Atq7DW5Y,Dru,Edelheit,211.195.130.59
29,ckelmeres,iB0+GUC6?yp,Corena,Kelmere,239.180.130.30
30,tnutbeamt,cV6<Jgq&NUn,Thadeus,Nutbeam,170.184.89.200
31,tadnetu,sT9+wU'`#fKZmI,Tiphanie,Adnet,3.166.117.249
32,bscroytonv,qS6}hRHof#,Bartram,Scroyton,71.254.191.6
33,bfitzsymondsw,oH2<#<FlH6<,Bunni,Fitzsymonds,63.252.41.150
34,lbruhkex,qV1*C!1J<ucx,Laural,Bruhke,91.234.58.9
35,mmccombey,eO1`~t1VZMLLhDu=,Mandie,McCombe,66.210.34.136
36,cfendtz,"qH9""!4|_2cPC(|",Chelsie,Fendt,92.64.17.234
37,marnao10,aG1&e/o_il)A?4,Maggee,Arnao,73.116.151.7
38,cpluck11,hR9/2nqmMBSTtN`,Cherlyn,Pluck,164.15.19.204
39,wbebbell12,"zV5}.U9F""#f3",Winston,Bebbell,7.98.103.93
40,kdelos13,gC6_pz.t(('W,Kipper,Delos,247.158.27.224
41,cilles14,zL9~p_C3Gef,Curtice,Illes,131.1.104.92
42,pbrummitt15,vP0=!0'S)0,Pamella,Brummitt,255.71.130.132
43,rbrislen16,eJ7!k=b@kyM5T<y,Remy,Brislen,151.70.92.31
44,shoundson17,wK3<C{wo=V#GIvFg,Sloan,Houndson,206.219.234.85
45,efust18,zB4*P!.P4j,Ellynn,Fust,232.136.119.24
46,rwillmont19,"tI4""\V7n\",Ronny,Willmont,243.121.156.132
47,amckew1a,vE3!><0hF9<1,Ardine,McKew,70.90.63.145
48,nphilimore1b,yX1!|8&|jg}Bllu,Noah,Philimore,105.119.18.197
49,roakland1c,kG2&.SaMr1T,Raffaello,Oakland,13.69.190.169
50,ncrumpe1d,zA7#(*ko,Nevile,Crumpe,185.253.97.113
51,wstonelake1e,vE3#ggK1R8aQoC,Willi,Stonelake,248.50.118.5
52,wmacguire1f,cG6=@.>~klTDyP,Wilmette,Macguire,191.67.173.141
53,rbenedick1g,sJ7(kaOZiY}g#Js2,Rudyard,Benedick,131.246.2.94
54,mrussel1h,"mL3"")!P58=w9~{z",Matelda,Russel,66.247.219.173
55,hsheara1i,"bF3{,#)Ake5L{Tkh",Herman,Sheara,17.34.125.62
56,cexall1j,jT8(R7j}80afo9b,Carri,Exall,33.165.11.173
57,ddonaghie1k,"aF9)Q~>""M}g5",Dianna,Donaghie,199.91.141.81
58,lbiss1l,"oM2@I|""eE",Les,Biss,186.154.64.139
59,kagastina1m,"aN1*~MoC%e""om",Katey,Agastina,136.223.161.99
60,knorwood1n,nJ5=~B{C.L,Kaylyn,Norwood,89.35.33.135
61,hgaffon1o,bO7)q?&sE3r,Hillel,Gaffon,117.183.61.81
62,sleibold1p,sV0?agu<kv@YI,Selia,Leibold,150.225.222.120
63,eranald1q,fP9#iLoXw8,Ellie,Ranald,203.88.253.119
64,bmeadowcraft1r,pW9!T=1T<=9EYNT,Bab,Meadowcraft,124.96.55.124
65,bmundell1s,yQ8><}x1ld#+?,Brandi,Mundell,212.250.130.144
66,khillum1t,lB7&bjF~,Kissie,Hillum,71.126.16.86
67,urayman1u,sI2=!8r{,Ursuline,Rayman,97.31.92.215
68,pdat1v,sW3@X{ycm<hl7E~,Papagena,Dat,51.46.73.103
69,thickisson1w,aH9%T0!.,Tirrell,Hickisson,247.37.208.193
70,daucutt1x,aF0|!*I~@$QYS,Daria,Aucutt,65.187.244.42
71,cpilsbury1y,bP8@T=d5eb,Caryn,Pilsbury,187.240.107.200
72,uvokins1z,vW7>m/IW/Z,Urban,Vokins,33.182.214.51
73,abragg20,nN5_#lszWz*I3OZ,Abram,Bragg,193.23.132.84
74,jsydney21,fT1+FNjAU5<*>@N,Jaclyn,Sydney,117.126.136.100
75,dtanslie22,vJ2%Bei'1=d6<7I,Dania,Tanslie,0.109.18.234
76,eleversha23,"bN7,R""5/'",Effie,Leversha,28.73.16.24
77,bshreeve24,hT4.V00h,Bryna,Shreeve,83.240.69.168
78,faucutt25,fC5#z?fyD,Fiorenze,Aucutt,142.252.86.7
79,aallaker26,"rH3,Efn9?TCp1A7",Auroora,Allaker,5.204.57.43
80,memlen27,oU7$(('og0,Mathe,Emlen,179.55.145.206
81,eharrowsmith28,xK9/htSo8px,Edik,Harrowsmith,166.207.200.77
82,cmacnab29,tI1<71sE,Caren,MacNab,152.191.126.74
83,mbeelby2a,sI5'GMTp&EK$V/L,Melinda,Beelby,194.174.177.254
84,hvarvell2b,"eS9#{c5(Nf|""H",Hilde,Varvell,110.76.9.125
85,msautter2c,cJ9#TUjHQhD1,Marquita,Sautter,87.78.202.120
86,eransley2d,oX0.)~_Y4,Eldin,Ransley,238.43.213.229
87,jlasseter2e,qO3'_i>&F36`4t|,Jethro,Lasseter,64.202.253.218
88,saleksandrikin2f,hT9_A*wLh3Ta?}g/,Sayre,Aleksandrikin,140.60.201.54
89,soxby2g,pW8>i`d=2Yw5CwUm,Shelly,Oxby,167.4.218.40
90,coblein2h,"pJ7""YW_v#O}""'d",Cathi,Oblein,176.244.225.185
91,cwhapples2i,gL6+)5@\BB_k,Consolata,Whapples,159.227.83.23
92,bcoatham2j,"cW3),iT_NmFkFy",Berkeley,Coatham,53.177.246.30
93,ksharrock2k,dX3@R}E_&X,Kerr,Sharrock,16.130.21.48
94,tfenby2l,hP1)!3~|pR)W,Tabor,Fenby,44.162.4.172
95,fwapplington2m,"aY3""&S.`SZ3O",Felizio,Wapplington,10.155.4.31
96,jluparti2n,qX4{OP'&#j85\Jn,Jada,Luparti,95.193.252.139
97,mmosdell2o,qQ9#5}YEVr(,Moss,Mosdell,22.19.32.147
98,afarrear2p,hT4?\S2lPSQN/u~,Alexio,Farrear,159.85.203.160
99,btookey2q,bP7}pG7),Blanch,Tookey,28.111.145.74
100,aodornan2r,nF1\t}zbSrgs5,Annamarie,O' Dornan,19.58.38.23
101,jlemasney2s,zB5&\nEHbO8QN,Joeann,Lemasney,12.182.160.124
102,clabrom2t,yS3$oGysCIdP,Celinda,Labrom,99.159.170.77
103,rsetchell2u,dM0&}}!P&%,Rayna,Setchell,62.32.128.198
104,aroyall2v,"rS5""(Vd6B7=*Js/",Ave,Royall,200.250.237.53
105,groman2w,iX0/ka&laT8kJ,Glen,Roman,250.42.187.222
106,tstiegar2x,pN9_bnf>R\vun@7U,Torre,Stiegar,104.61.135.207
107,aparvin2y,dX6.@\$iPF<,Amalia,Parvin,41.77.94.89
108,woriel2z,fB1$UdKCd@u'jV!d,Willem,Oriel,33.218.13.29
109,wtixier30,uN4*?Ycn5t'=Cud,Wynne,Tixier,55.195.95.58
110,ajunes31,cY6$5=Dm,Abbi,Junes,161.16.70.135
111,jsineath32,oE2(~W7_,Joyce,Sineath,7.156.24.197
112,creina33,"gN1%,c65\U",Chiarra,Reina,246.31.162.86
113,mantonomoli34,vM2$c=6H,Michel,Antonomoli,114.98.90.197
114,nchuck35,hQ3?yw'qLZ~G,Ninon,Chuck,42.113.225.158
115,rwarstall36,cK9~&P!5DsN,Roland,Warstall,185.161.237.13
116,mwaite37,rY9.Mb$7U\M.,Madeline,Waite,211.76.9.177
117,arillatt38,gR3~epqS&wR|Cl,Auria,Rillatt,118.247.90.141
118,ugwinnett39,jD7)oZ#6,Ugo,Gwinnett,169.171.204.188
119,mstoyles3a,gX4#/xJG{,Maure,Stoyles,194.252.250.224
120,erobez3b,mV3$TqvpoLFUuo',Euphemia,Robez,79.253.61.110
121,ttolchard3c,fC8{cMcOczF,Tove,Tolchard,234.179.103.155
122,bsculley3d,fG7\S|k/qi9zT*g,Barde,Sculley,172.120.172.106
123,kdulson3e,yU5`88e|bJir,Kikelia,Dulson,179.30.144.79
124,edwelly3f,kZ5$pn*H,Egon,Dwelly,250.116.189.188
125,mallain3g,"aJ1&#CNZ%HqT15w""",Maurie,Allain,38.200.61.12
126,mgirton3h,zA8/af6U2,Morey,Girton,203.107.46.58
127,gledwich3i,pX4#`YmOdQw_Aw4G,Gwenette,Ledwich,98.100.162.22
128,jaldhous3j,vT7#`kRK!i?,Jonis,Aldhous,74.230.60.235
129,selsmere3k,tC0|tr~k7\nfN>%\,Sissy,Elsmere,134.232.65.15
130,slind3l,nK3(!jb!,Shaughn,Lind,250.11.43.189
131,tbensley3m,oE6.1kFa9,Tyne,Bensley,162.130.137.37
132,celleton3n,kS8`v.5k!F,Cherry,Elleton,44.159.127.18
133,ebangley3o,mK1#}EjnH,Esra,Bangley,146.101.219.198
134,nmarrian3p,dF5.&i2)#C#R,Nevsa,Marrian,161.80.138.184
135,cwetherick3q,vT5!r4FL07z,Clywd,Wetherick,249.27.24.148
136,flethbrig3r,"qP2=4s""T(tc5QA/",Fanni,Lethbrig,61.68.57.121
137,rlade3s,wJ8|8O'?DGM&,Robers,Lade,162.239.196.44
138,cwattisham3t,tN8&.zw0m~<E,Cordy,Wattisham,16.186.43.206
139,gjelfs3u,yR5\OJug_DN,Griz,Jelfs,215.43.203.151
140,dhenstridge3v,eX7%Jit0IRnq,Dame,Henstridge,112.243.87.58
141,celen3w,"iK4""TQ//gw<7e9",Cully,Elen,18.145.251.138
142,jempringham3x,iC6!qRMmz?}$cUGZ,Jamima,Empringham,130.50.216.217
143,galfuso3y,"iU8.8s/a""\2u2KbU",Genvieve,Alfuso,240.48.137.10
144,mcyster3z,lG5>22CY4aeT5VW,Modestine,Cyster,25.219.245.96
145,edubock40,"vN8&<&)""m",Erika,Dubock,244.215.180.177
146,dkitchin41,eO6{'Z5Ax!/%NB,Dean,Kitchin,161.230.90.108
147,dsantore42,iT8~lb2q{Zq,Dyanne,Santore,10.252.40.78
148,kmcmychem43,fJ1\c3Y@+V\IO,Kaiser,McMychem,169.107.144.19
149,bbeaney44,fG8*nF!#WY\Jo,Bertine,Beaney,53.173.77.162
150,cgladstone45,"cI3'dmPP""c9>C392",Cortney,Gladstone,111.164.194.101
151,jgellately46,gJ5~pT}=i64j8.,Jasun,Gellately,251.109.78.247
152,iredding47,jW9|LaXk8>ug,Ivor,Redding,30.225.225.239
153,auccelli48,nO7`a1cE\1,Amalia,Uccelli,177.40.33.64
154,bvandenhoff49,"oL3#&9m""",Bonni,Vandenhoff,8.195.56.206
155,mlagden4a,aZ8).K%oOmll?Sh,Man,Lagden,97.168.180.81
156,qlathee4b,pO1.Ho#jeR*=+,Quintus,Lathee,11.11.21.182
157,craynes4c,kE1=)%Z!IFIO\6#,Corry,Raynes,234.188.145.58
158,adrepp4d,fA1+a{9YNSMva0c,Ardys,Drepp,91.159.22.25
159,bpressdee4e,sE4!CO$I,Babette,Pressdee,97.137.45.209
160,ecasserley4f,"xK2'G""|`U!",Eliot,Casserley,154.244.95.37
161,aross4g,rN3.U#r+d\pJNmus,April,Ross,220.245.247.209
162,alibbey4h,rB0)9nN},Aile,Libbey,53.227.232.193
163,eshillom4i,qB6)Z|o8.c_VNr2,Emmett,Shillom,82.21.249.242
164,ndow4j,vS4`{EPu,Nilson,Dow,115.209.190.4
165,tloxston4k,yW4`A~_g&>Fb,Townie,Loxston,124.81.14.162
166,vferrey4l,yK7'PSQAS%i,Verne,Ferrey,97.124.249.64
167,lflint4m,fP6&IiE>bQ,Leodora,Flint,251.91.54.198
168,alias4n,aF5|>U~@g&,Adrien,Lias,156.106.8.142
169,wrandales4o,"zD4%8,B?R@",Wells,Randales,51.174.229.231
170,htrout4p,aI8(0sKX,Humbert,Trout,60.167.216.57
171,cjuszkiewicz4q,"hE9""v)bD8R+(Zv",Courtney,Juszkiewicz,13.87.82.134
172,kpluvier4r,"sK5>A""~gX4",Kilian,Pluvier,207.242.203.199
173,jtocher4s,"pD5#1I<"".9~?",Julianne,Tocher,139.148.127.18
174,ccrosston4t,"cF7}g#z@#C%O,Uod",Corby,Crosston,83.181.133.50
175,ctuberfield4u,rE7+tJBQ)h,Constantine,Tuberfield,90.157.174.70
176,cdominichetti4v,iV5%i$gu/M.*ez9,Cele,Dominichetti,108.232.205.229
177,rdrackford4w,eX0@8x33ioEU,Renard,Drackford,90.241.213.141
178,ccobby4x,oE5=.H|am4uVV?}u,Cecil,Cobby,110.173.228.183
179,cadamsky4y,"rX9>#?OLWZ""5a+H",Crosby,Adamsky,196.82.212.8
180,mquiney4z,bB1}q*&`,Malinde,Quiney,50.245.231.92
181,edelhay50,lH5$i$Z%cIkH>m~,Eduardo,Delhay,41.74.216.110
182,etripet51,yX5)w>PNc@N(TSNQ,Emmery,Tripet,122.251.9.17
183,fbront52,mJ6#WT}%f,Flo,Bront,227.15.92.75
184,jeastcourt53,lL5`(17$S7PqZL,Jobyna,Eastcourt,231.173.69.130
185,shaigh54,lO5=Q|6TNH.T,Stevie,Haigh,190.25.223.199
186,chealeas55,qT8?%cz1)xZkS,Corny,Healeas,6.109.87.100
187,mtayt56,"wS8|W_,yVji(M~bf",Murdock,Tayt,241.108.87.216
188,xeglese57,"rN8(t*Bf/,j?N5.{",Xever,Eglese,169.215.252.206
189,pasbery58,mX2.hEMKbdN+,Pavlov,Asbery,70.95.91.20
190,cmatonin59,fK7$rc8?XZUc,Conn,Matonin,248.148.53.116
191,hbrackenridge5a,nQ9}7J7\n3RIa#~,Herta,Brackenridge,17.35.249.81
192,sjandl5b,"wA5,7.?Ya9",Stacee,Jandl,72.96.234.166
193,ktenant5c,sV3/hQj2(dh,Kirstyn,Tenant,44.8.75.28
194,pfullbrook5d,eT8@hOeYc>,Phineas,Fullbrook,66.219.152.29
195,sosmon5e,qX4%1uMVgqN9,Stesha,Osmon,85.77.107.160
196,rstreetley5f,"vT9""%XYU5AOMKCt",Ruperta,Streetley,224.96.64.237
197,geyckelberg5g,pM7?C&W(\z?F,Gabrielle,Eyckelberg,6.238.28.71
198,kgoulstone5h,aY1(>d5xgt,Kenn,Goulstone,77.80.126.36
199,kkinge5i,lX7/rru2&U#,Khalil,Kinge,226.109.5.235
200,sburnsyde5j,wU7)8QWmZRX*at,Steffi,Burnsyde,66.119.204.186
201,ysmart5k,oU9(fFjCy))g*E/U,Yettie,Smart,16.248.232.94
202,igirardy5l,"uY4""y}Pho@Y",Isobel,Girardy,222.178.41.249
203,smackay5m,rZ3)kNwt$,Sidney,MacKay,7.222.157.167
204,smannix5n,nV0)}}U4~,Steven,Mannix,17.185.139.1
205,wjutson5o,nX3?wV4r*Lv_=6E,Wilmette,Jutson,88.83.240.166
206,adance5p,qC9{3a6Eu9ovZ,Aime,Dance,255.146.36.86
207,lleggen5q,qF2.`mv)*rmQ,Lauryn,Leggen,210.225.132.198
208,riacomo5r,rA4\?kDJ|X<R1L7e,Ricca,Iacomo,66.203.235.159
209,cventam5s,rP1%*A*&/o,Con,Ventam,183.183.221.109
210,gbaudy5t,yA3<c>\}'E,Garnette,Baudy,63.132.211.88
211,cblowers5u,lV9#nfjIhUogOY+L,Carly,Blowers,140.179.36.207
212,eledur5v,jO0$1!\7VHIP,Emmett,Ledur,221.231.205.10
213,aeuler5w,nH9<M+TQT,Anna-diane,Euler,130.247.11.47
214,agodin5x,"nR1)T""wiL@K`C",Astra,Godin,108.79.118.160
215,gpenhall5y,"oB3,0R=G<",Geoff,Penhall,137.83.170.150
216,ssprankling5z,lO8&1%rAH|cD,Sarajane,Sprankling,125.192.241.142
217,zpagitt60,"pX4$p.""k`GAm5V",Zackariah,Pagitt,254.190.16.203
218,cleeman61,bC2.hc.`l,Calypso,Leeman,171.1.200.78
219,cblasi62,"rR6/l5N""hLH#V)",Corty,Blasi,20.220.111.103
220,kmorcomb63,wX3%<t|)>,Kristian,Morcomb,149.161.7.241
221,vadnet64,"pV9""G,\/bIQp9E2i",Vick,Adnet,135.102.86.193
222,mfleetham65,uF9{_<<+2Z<KcuT,Meridith,Fleetham,49.173.167.131
223,dboothebie66,eT8_YWtplEwU,Dunc,Boothebie,63.4.185.77
224,jalberts67,aY7@vA3AGU,Jasen,Alberts,58.180.184.72
225,ehultberg68,eV7#}%jDk,Erek,Hultberg,34.139.33.169
226,sigglesden69,mE3_'EnK5,Spense,Igglesden,44.109.121.152
227,fhanshawe6a,"bR8_o\4<|'`N,y",Flo,Hanshawe,107.50.184.82
228,pdye6b,zA2'W1u@M=yg,Pierrette,Dye,100.127.127.86
229,mhastings6c,"qJ0,'1!2",Mose,Hastings,154.25.216.204
230,jwitheford6d,"uY8!FOrEo~3,",Joeann,Witheford,161.59.171.69
231,bcharnock6e,rS9%4C>QKL`OEW0H,Beniamino,Charnock,251.106.243.230
232,cshadfourth6f,dZ3%}yRp'6gCi?|p,Corie,Shadfourth,125.5.25.204
233,wrobertson6g,fZ1@8P9k5Qc7,Willdon,Robertson,182.14.15.189
234,mnovic6h,vO8$RX0VG'<J,Marice,Novic,48.105.189.216
235,rbisson6i,yC2?(@q)wP'Rb=O,Ritchie,Bisson,10.63.55.37
236,hswash6j,jB5*QOvPKYvP,Hieronymus,Swash,186.15.166.141
237,jpea6k,iH4'tmX>6cv*MV,Jayne,Pea,187.229.237.46
238,adennerly6l,mL0?j%|twK1+Xh,Amandie,Dennerly,41.240.127.164
239,smcmeekan6m,fS0+\z*ar_7,Selestina,McMeekan,79.171.82.218
240,bhartridge6n,uC1%xs#tjJfH9v,Bernard,Hartridge,175.190.56.232
241,hdunican6o,"wX4},1M)|CS",Hill,Dunican,224.52.134.146
242,cpurple6p,wH7)~_&XK,Cullan,Purple,98.237.52.182
243,dgullick6q,cG7&.L#Oe|4eef4p,Dion,Gullick,249.43.68.76
244,acallery6r,nY1&LSN~8v#ec\%,Arleen,Callery,176.76.156.81
245,mpurdon6s,xQ8_W|7Leok{R\S,Merrel,Purdon,215.33.139.157
246,aallardyce6t,iR4&*)%=,Alyse,Allardyce,141.51.109.25
247,bkalb6u,pH3*c1cNF.v0n',Billye,Kalb,154.73.188.73
248,claffan6v,xD2&ltYlYd#fU=4,Clair,Laffan,206.17.1.87
249,pcouttes6w,"aC5$""W\zEKq",Pippo,Couttes,64.231.249.135
250,agradon6x,bE5?V%(=}o!6S+R,Augustin,Gradon,168.128.151.96
251,fjeal6y,dF1)@&!LQT&p,Faith,Jeal,39.65.48.1
252,sorteau6z,nJ5+}pA!E,Sterling,Orteau,186.154.159.145
253,gmeecher70,"fR0"".mI1@J%.!",Garner,Meecher,132.22.159.206
254,mandrasch71,nO3'dMD)@E,Marshall,Andrasch,226.40.22.138
255,gandino72,lD7!`>M*,Graehme,Andino,195.2.237.12
256,hcomiam73,"aY6(c""CGj",Hilda,Comiam,51.204.33.180
257,hjupe74,oT9}EnjuC,Hanan,Jupe,43.98.36.69
258,eamerici75,"hI9,0u7&B_KvtG0E",Ema,Americi,163.174.2.60
259,gwissby76,yN6}`7i*,Gerry,Wissby,147.113.85.121
260,bbielfeldt77,hN5!+Z$rTr,Brock,Bielfeldt,125.155.7.49
261,sslaymaker78,uX3\Ubi2,Suzanne,Slaymaker,101.85.132.178
262,pbovingdon79,uH9~wHH>A@s,Prisca,Bovingdon,105.85.66.141
263,lkidman7a,lX1~O'&3,Lefty,Kidman,110.114.249.99
264,scleyne7b,pV2~aXV)7s,Shawnee,Cleyne,122.146.8.112
265,lgoldhawk7c,tA0<8>HgU,Letti,Goldhawk,132.232.232.42
266,wleamon7d,cH3!DLmQMLSu#k2,Wally,Leamon,4.109.106.146
267,rhinksen7e,aM8.%g1\0x),Rose,Hinksen,71.146.0.174
268,wthreadgill7f,"vY2\w\,X",Worth,Threadgill,170.56.143.14
269,kcommon7g,zW1&}SZr,Keir,Common,55.153.200.23
270,ctremaine7h,eB9{+sS+ezn4,Celene,Tremaine,133.156.207.240
271,tyarmouth7i,lK1.g~}m?'D$LM,Timmie,Yarmouth,178.179.0.3
272,dselway7j,pY3>ECvqSATK&,Demetra,Selway,219.87.225.3
273,hcount7k,pW7>(e9}0CXB2,Hugues,Count,115.85.182.107
274,eclunan7l,xL1+>OUpOoqN,Eran,Clunan,123.202.119.171
275,tdrynan7m,uA6+p_ta.~%w,Tabor,Drynan,254.114.211.219
276,fthorp7n,kD7(N.INDAC~qfs,Fianna,Thorp,159.186.231.149
277,hglozman7o,"jX9,BUoKNVqMt#",Harlen,Glozman,246.77.159.11
278,gpeterson7p,zG0)~L>@,Garik,Peterson,24.164.147.73
279,nfishburn7q,qH1&sCZMN?$i,Nathanial,Fishburn,163.8.120.94
280,cclogg7r,yV2\MQc?9iYjmC,Coraline,Clogg,206.164.8.156
281,aeddicott7s,oN3#h.9eS\d6U,Ashia,Eddicott,241.30.242.162
282,gfoulser7t,"kL7,1@uK2Z8ooL",Gerry,Foulser,100.218.181.128
283,cbolens7u,cF2#>NQ/A&s0aFk=,Caryn,Bolens,160.157.158.114
284,areany7v,dP9%\rGqef,Alain,Reany,212.169.168.224
285,llankham7w,fH3{x|&W|,Leigh,Lankham,208.205.23.14
286,alambol7x,iP3#Xb~8x'4,Angela,Lambol,227.181.196.175
287,apeterson7y,pU6%R2/gL~Vut,Abba,Peterson,128.138.32.2
288,mboatman7z,qT5_VFH~Qib</,Mickey,Boatman,16.234.34.130
289,mbignall80,dR0@B{MFFU=Wv,Mendel,Bignall,124.191.75.161
290,dcecchi81,vN9+>NUd$W#,Deena,Cecchi,113.135.38.244
291,hsiaskowski82,zN7\/*_pRH,Hermann,Siaskowski,151.137.154.236
292,bweekly83,"cZ9/f?<0|IvJMbe""",Brewster,Weekly,148.123.217.2
293,lbernot84,zT4*pFr(z.>1#'Y,Layton,Bernot,234.22.91.122
294,cvearnals85,uP8/2KrgPQ,Catie,Vearnals,231.89.217.43
295,arojahn86,vC3'p'a*Fa?,Augustine,Rojahn,249.99.108.40
296,ljuckes87,"sF3(_b|UK_heK""0",Lynne,Juckes,119.250.241.190
297,skennard88,"eX2>@/hv""",Sabra,Kennard,207.232.252.92
298,dlindenstrauss89,sM8!!oyH+E7w,Dinah,Lindenstrauss,252.69.70.62
299,kbausor8a,jW7@wZ\X,Killian,Bausor,108.100.139.164
300,aoseland8b,zO1)>JJa|',Alleyn,Oseland,10.18.200.180
301,tollerhad8c,lY5/@A!Y,Travers,Ollerhad,163.203.66.101
302,sdrayson8d,vT1?F`rn7,Shelton,Drayson,112.122.95.247
303,fphelp8e,"dO4'}p'\h`,",Fayth,Phelp,122.153.228.165
304,msurmeyer8f,lR8`p*jYq,Mead,Surmeyer,203.253.77.155
305,tbattelle8g,yD4$ofi1xyk?!,Tresa,Battelle,32.110.155.227
306,arubee8h,"dM8~C!""G\YBSN`",Arnaldo,Rubee,175.32.252.169
307,dwalklate8i,eS0{G~H5_,Debbie,Walklate,24.109.12.218
308,fcalderwood8j,lX9~*Z>Uyc,Ferdy,Calderwood,209.181.133.24
309,nbichener8k,wR0.em$5CAd=c),Nedi,Bichener,69.23.17.155
310,cantonsen8l,rB1'5FdaPJL@5,Chickie,Antonsen,145.66.170.169
311,ghecks8m,zP8/!v%}yxAv$PT,Gran,Hecks,12.181.244.76
312,cpelos8n,eD0#'0Q&>?U4H8j4,Carrie,Pelos,88.245.67.205
313,mreubbens8o,rI9#VeP1'njy`BX,Maria,Reubbens,178.86.1.239
314,ahammell8p,uJ4/F.ly%B,Audrey,Hammell,159.172.252.189
315,rboshers8q,kN6+>Bn)62AA,Reade,Boshers,75.151.238.206
316,ppelosi8r,"fZ5(XM,v",Petrina,Pelosi,170.108.239.62
317,dcovert8s,pK6`kEAg&H5/R<!,Dyana,Covert,200.12.125.163
318,rdoppler8t,yV9`oN&i<~V(z,Ryon,Doppler,162.104.193.136
319,rshedd8u,oD0`Kv(H&rqtNA,Rudolf,Shedd,79.111.120.170
320,slonglands8v,zH5+Q`rl,Starlene,Longlands,55.169.91.94
321,rarrowsmith8w,tO0#nXL'6Fp,Raleigh,Arrowsmith,118.179.77.140
322,nkocher8x,hC0~o`xll)'FQd{J,Nara,Kocher,194.34.171.169
323,bharkin8y,sB5+PEYV7,Bancroft,Harkin,191.56.247.24
324,erainard8z,"aO0}""U$qH8#F",Elora,Rainard,45.105.135.41
325,csooley90,"fZ8{t,,!TM",Charleen,Sooley,111.62.149.202
326,thyman91,lD7|Y<?wYJ#qH,Toiboid,Hyman,88.45.54.121
327,iquantrell92,hZ0$}*D`xrITH0O,Ingram,Quantrell,186.43.42.60
328,xmussington93,bQ9\4LQP0F~||,Ximenez,Mussington,98.190.16.9
329,gmccarter94,xP5`zG7E'xD,Gawen,McCarter,39.208.207.183
330,djacobs95,"pD2+Gl=<a""5R@+/",Derby,Jacobs,207.217.128.128
331,hsegeswoeth96,"yC5$q""H_",Henri,Segeswoeth,38.123.202.68
332,gcreavin97,hF8?cF!.Ue_+DuF,Garwin,Creavin,51.5.45.148
333,mhause98,"jC2,aGA%oE$",Melosa,Hause,162.75.122.117
334,ppirnie99,bU9$8KQG,Perle,Pirnie,24.33.211.77
335,jallday9a,tU3>BTH23(,Jinny,Allday,175.101.30.243
336,mstirtle9b,mH4<SGnq*rR,Margarethe,Stirtle,130.203.210.218
337,cwindham9c,dI3_b$XUf>,Cordelia,Windham,40.4.36.185
338,dvakhrushev9d,xC3\YBEg)7YJB{},Dareen,Vakhrushev,216.119.20.221
339,jsheraton9e,"cV2""%!L6+",Jessee,Sheraton,50.172.62.13
340,wmactrustram9f,lY6{Mj3m,Warner,MacTrustram,13.96.223.42
341,mivashechkin9g,vN3|_}L'42,Mercy,Ivashechkin,155.223.105.56
342,aclyne9h,sR5(M@#T<zwp@5Y,Ashil,Clyne,13.132.47.87
343,santwis9i,mI9!U_Sb=VBY\q,Shandee,Antwis,254.241.225.61
344,besbrook9j,"lX5#)?=u<TD""'m",Bettine,Esbrook,112.158.166.215
345,astock9k,wR1_?K?0e,Alyse,Stock,175.84.179.40
346,ccahalin9l,"yC2<rZ8,BYU@+9aN",Cathlene,Cahalin,71.212.238.77
347,rhanby9m,gI0'r<qQp6`OpU,Ross,Hanby,227.39.131.26
348,bbach9n,lN6}'eHjLrC<<zKM,Bondie,Bach,9.14.7.127
349,jjacobowits9o,pT2@B~?}zi,Jeno,Jacobowits,68.230.15.125
350,rchaffyn9p,"aK9(""Hr~yG0",Rubina,Chaffyn,183.159.174.167
351,sdregan9q,"gX6""QZ4.(y<AzJ{",Sandi,Dregan,208.89.200.70
352,skarchewski9r,hW4*?leU,Sloane,Karchewski,31.178.218.9
353,mstobart9s,nN4{00|wO,Marcelle,Stobart,210.9.2.42
354,arounsivall9t,jQ9{+QW/z`,Alyssa,Rounsivall,239.191.40.113
355,gpirrie9u,uW3?$seK,Gawain,Pirrie,141.67.87.29
356,wraden9v,wI8({mo/,Wynne,Raden,36.35.33.79
357,cwick9w,oM8%2h`lh,Corette,Wick,31.85.9.10
358,jbrowell9x,oW3'UHcWQBwm?IU,Jillayne,Browell,102.167.252.89
359,emathie9y,oE4&OVP>T?|,Erna,Mathie,166.63.48.152
360,abaudet9z,rP8%5yOe6,Armand,Baudet,53.210.14.223
361,fmacgouna0,jG7~+I%~*h,Fleur,MacGoun,209.125.135.143
362,cwilliama1,rX5|_lDdzeCFq,Courtnay,William,157.67.147.227
363,kthoriusa2,wZ3_V<5%YWk1S5,Kamila,Thorius,88.243.114.241
364,dfrewa3,tP6@1VcH'4,Dimitri,Frew,103.45.225.36
365,ghussella4,gR9.A{=Co,Giraldo,Hussell,214.74.164.193
366,tportea5,"aD8(kN.n,SJ*fRMH",Tana,Porte,186.29.47.7
367,redwardsa6,nP6|0_K>iB,Revkah,Edwards,187.220.14.40
368,shuetta7,sU6.bSqC34zkpz,Saidee,Huett,32.89.83.49
369,ecalana8,"jH7=Z+prvMSX6""x`",Evin,Calan,5.197.17.37
370,nobreena9,aW4#Gf?ltY5/')<L,Nataniel,O'Breen,191.92.107.225
371,shovyaa,"gU0>psF,{1gL",Sunny,Hovy,69.201.104.186
372,ldoumencab,hH8+k<0!'i3\#n,Lyndsie,Doumenc,194.218.205.97
373,uyoodallac,bU8%kI!mIe%E.,Ursulina,Yoodall,72.174.209.51
374,yrevelad,bF4~jwEuI#r,Yard,Revel,201.59.209.40
375,hburleyae,hO7@XIyM|?,Hagan,Burley,18.60.191.44
376,dmingauldaf,bJ7_R.'~>',Daniele,Mingauld,27.107.207.194
377,pkemmishag,hA7#p+hfx,Perice,Kemmish,111.79.133.28
378,ksorsbieah,nN2?2wc8,Kendrick,Sorsbie,66.98.154.48
379,dskylettai,qA5<}WfzvwG+`,Dalt,Skylett,231.189.36.184
380,bprozesckyaj,tI2<6ySMr,Bartholomeus,Prozescky,170.165.239.247
381,akrautak,wQ2/+A'67Hw,Anni,Kraut,217.191.45.137
382,hhentzeal,pX6~}`Un,Harriett,Hentze,122.177.20.167
383,gstennersam,mK6&$*}z`AkLi,Gay,Stenners,50.35.6.9
384,aanstissan,"aE8""zc}_'8f3",Arman,Anstiss,62.4.6.162
385,bsheardownao,tS9{*iY?atd2A,Bliss,Sheardown,12.139.79.26
386,cgirathsap,lB9)>/OC>,Cody,Giraths,254.163.102.252
387,mfiguraaq,kI6@\4%.,Mar,Figura,201.25.82.106
388,dchalicear,yW0(($Y5uz%db,Doti,Chalice,84.40.21.69
389,rbarendsas,tA8?O?fN2,Rufe,Barends,198.207.244.5
390,wgorrickat,fA0}~F9QPiG,Wakefield,Gorrick,92.198.193.59
391,bhartoppau,"iB3!LyCX,h",Brianne,Hartopp,38.237.255.145
392,abirdenav,qN6=?$nG%kvi8R,Adolf,Birden,154.223.189.240
393,dcarlosaw,xU1|E}9&&Z,Daniele,Carlos,2.249.244.69
394,cbearblockax,dE4_#x_#k3$VCW{i,Cassie,Bearblock,82.117.169.177
395,dhouricanay,dR9&m1wf,Darbee,Hourican,165.153.153.178
396,pburstoweaz,bB7=@<0g}TR_<,Perkin,Burstowe,168.149.101.139
397,fwhitbyb0,zM9!y+RT,Farley,Whitby,168.212.127.209
398,ccastleb1,dF8=B`NOrXHE01,Chicky,Castle,224.124.119.162
399,ecicconeb2,iQ8!.3a0$@,Eleen,Ciccone,148.205.181.251
400,eorodaneb3,mM4@2Im6XE,Elita,O'Rodane,104.186.68.162
401,sduddleb4,mO8'MFOI\D#ehr,Salmon,Duddle,207.49.249.93
402,kveldstrab5,"mC0,%@Z&",Karylin,Veldstra,60.174.171.43
403,rruscoeb6,wF5!O@QZ}/fR,Robin,Ruscoe,9.53.198.229
404,gsawterb7,"tJ2{""LAw?hsT",Gizela,Sawter,245.171.157.62
405,bwoolseyb8,"fT2""\?9h>0)w",Barr,Woolsey,4.224.170.151
406,eoloshinb9,"aM4{$+M4&""K+2Zv",Ernest,Oloshin,137.33.213.250
407,wveschiba,pY1<uqm/6HK#D/_,Wallie,Veschi,65.36.165.119
408,mfulgerbb,hJ9=rS)So)xIGd+X,Maribeth,Fulger,173.170.172.49
409,psnarebc,zO5.|'/>g@M{),Prudy,Snare,34.81.4.72
410,jchatresbd,hV2<W|XNTTFSUd,Justus,Chatres,15.222.85.97
411,obollesbe,"dS1=<G'3RPwo,T",Ophelia,Bolles,118.154.83.244
412,ericcioppobf,qB1%ZyS9S.,Eada,Riccioppo,214.49.147.21
413,kflannbg,"kM5=yS$=,&l!_",Keelia,Flann,112.56.87.201
414,bbeamontbh,cS2_f%jUpO,Bertie,Beamont,226.3.174.34
415,fcormackbi,bG0`t_pz&Ej?s,Fanchette,Cormack,59.242.46.178
416,cpoundsfordbj,rG4<RF_(%R=U,Chance,Poundsford,229.198.84.110
417,wwaisonbk,dX4~1O%C#}1!&j,Willdon,Waison,32.168.98.104
418,akringebl,xQ4#mW&Y4c,Allie,Kringe,151.40.166.117
419,tflaybm,sT0>qf%$x~K6w,Tildy,Flay,253.21.225.64
420,tcrowcumbn,jR4%P}hk!MnDcqj,Tiertza,Crowcum,240.181.170.96
421,rroskeillybo,oV1_WO5J,Raynard,Roskeilly,234.206.213.162
422,ecuruclisbp,yD0#2#q2+<skim,Esme,Curuclis,130.19.146.75
423,jwildsmithbq,nG0=NzhUi{,Jemmie,Wildsmith,65.247.205.236
424,sstonhousebr,xD4|F|\Pi2i`T'sv,Susie,Stonhouse,132.216.137.178
425,csparkwellbs,"lF6.""0n,R04`?hX",Courtnay,Sparkwell,32.29.193.43
426,bshurmanbt,cY1\6\mni_,Benoit,Shurman,155.89.204.212
427,dcovebu,"wC3,c\r~g'",Dyann,Cove,42.216.38.212
428,ctrustriebv,eG5|MZRfl),Clare,Trustrie,216.173.13.129
429,rspoorbw,"nB6""hUGrYz{)_",Reg,Spoor,8.23.190.133
430,jmcdonoghbx,"nX5`k33SSd$,o>H""",Jordanna,McDonogh,175.148.234.8
431,dbeggby,kL9)E'_1D,Davy,Begg,74.217.221.8
432,aplankbz,"pW5&{i(""A+Y",Alberik,Plank,185.32.44.93
433,billingworthc0,dH3($no)i8Vv)Dn%,Berry,Illingworth,233.233.137.215
434,zbohlsenc1,gV9$2\1@x5_`M,Zola,Bohlsen,243.91.254.120
435,iseyersc2,nK1%F>sg~jf>,Idelle,Seyers,97.224.92.90
436,hstoilec3,"sR3(nL6q{zi{,b|",Harman,Stoile,140.196.206.94
437,tpignonc4,rO8_SPv*o,Tova,Pignon,130.162.154.176
438,kkamiyamac5,"nC2|8i3E""9|k&FP`",Karney,Kamiyama,104.222.199.78
439,cfarmeryc6,eK2\p6`Pg,Cecily,Farmery,63.74.88.135
440,hdeguarac7,hJ0)pJ@Y&,Heidie,Deguara,6.37.98.177
441,rhinchonc8,oT4|KK4459I,Ronna,Hinchon,38.73.165.26
442,tmckeneyc9,mG6}69}G43,Tulley,McKeney,139.98.168.6
443,kwestrawca,cH3#Pf`Hj,Kacy,Westraw,85.143.225.225
444,cknightoncb,kN9{_'6VT\umi`hm,Camellia,Knighton,174.133.181.43
445,srootecc,uY2@NQ2=8f,Shelagh,Roote,10.56.48.216
446,tsimkovichcd,fG4#K2s},Tomas,Simkovich,162.63.183.145
447,mhaigce,cE3|=MwNbu5JjB7(,Mina,Haig,163.67.111.145
448,bantalcf,oA0}jKhyJDNk,Bale,Antal,110.77.235.22
449,nnevinsoncg,tU5$6*bhL2,Nico,Nevinson,165.229.37.103
450,horowanech,eI8>A%{{,Hamnet,O'Rowane,89.167.226.75
451,dpeapleci,mS7|+(8},Dorelia,Peaple,252.20.202.210
452,cfilyushkincj,cA6~UwM.lk9),Carly,Filyushkin,251.95.2.164
453,aikinck,"bM6*b2~9*V""8",Allina,Ikin,221.6.82.141
454,cblakebroughcl,uM5$7(t>k&Oa>&,Candida,Blakebrough,39.14.245.182
455,adewburycm,rN9)i2!f}&g,Aluin,Dewbury,178.14.196.232
456,dkidstonecn,tN0$J#d>(YP/P=B,Donn,Kidstone,98.245.145.247
457,mcaddyco,uL0*IyR#m7=,Malchy,Caddy,8.129.43.99
458,aheinecp,sF5?(4AQbN,Andee,Heine,232.3.216.146
459,nscougalcq,xE7`tzRj|kr|,Nancee,Scougal,21.15.43.7
460,aumberscr,qN0>x>Fd,Ayn,Umbers,146.155.98.151
461,bhuglecs,uE0@~T8@i,Brose,Hugle,207.94.37.54
462,icrasswellerct,"kU1>k_O""0Q8H4JDe",Isidro,Crassweller,38.226.98.35
463,mhammcu,xU3+y'5#ol,Malvin,Hamm,2.68.5.152
464,jivonscv,rB7@rP4o\,Jenna,Ivons,215.75.21.23
465,wspuriercw,gD8=A!)q6RC%1_,Wenonah,Spurier,178.135.242.153
466,zplumecx,"jJ5.,QnBVMU",Zackariah,Plume,163.43.60.124
467,kdurrellcy,sT6$dke1su+'T4,Karel,Durrell,217.94.248.79
468,jlangstoncz,nT2&+q\oiLaGqM,Jeanine,Langston,67.11.199.253
469,eiddonsd0,lG8>RqhzA|F,Emory,Iddons,196.28.60.157
470,epaternosterd1,eA5#7_@_pAu<,Elvis,Paternoster,162.253.14.54
471,hseallyd2,uN2$.kV3*e{0,Hendrika,Seally,49.90.227.17
472,cbeeked3,pT6\=J5_Tvp!=Z,Clywd,Beeke,90.202.109.172
473,hgundryd4,jE2{1>X&CYksbdi,Henka,Gundry,120.67.218.24
474,poxbied5,lK3#wMHMW|YA\HY,Phillida,Oxbie,8.92.181.84
475,lburtd6,gL8$`cEmfh,Leslie,Burt,219.108.164.232
476,pfaasd7,yC9{$>1?,Padraig,Faas,243.232.58.52
477,dkiltyd8,"qL6,&8}*Qdpu4F",Dorelle,Kilty,202.149.206.221
478,lsygrovesd9,iR7+sRNz,Liz,Sygroves,7.176.155.201
479,apaxmanda,"mO1_N+IDaGD,o~(",Alexa,Paxman,84.178.94.112
480,echatresdb,mG4)SA/Q*UlhcF!,Eddie,Chatres,90.142.77.236
481,gbrechindc,jD1?jH.W@q|+?e,Guthrie,Brechin,46.54.46.144
482,dthaldd,lL9>QSkL,Doloritas,Thal,202.226.135.201
483,mconcannonde,aU6)zbmzndYkr,Mathilde,Concannon,198.198.7.221
484,ntomneydf,zE5!s8khe*6o9U,Nicola,Tomney,41.89.23.62
485,hlloydsdg,"iM3\{t""UeGAez",Hannis,Lloyds,179.179.89.241
486,slinskeydh,"fX7)'vt,<",Susanne,Linskey,47.102.126.249
487,ttorransdi,iS8'Vvz1*1,Thom,Torrans,171.250.128.218
488,dantrackdj,eJ6*z{xWuS!,Didi,Antrack,170.104.127.49
489,astartdk,"mJ9`TKL%YR&,W1_Z",Aubrette,Start,173.212.194.145
490,rboramdl,qT6`(U4n(,Roslyn,Boram,96.24.249.254
491,poregandm,"pN4{L$,Tr@8X",Pamella,O'Regan,184.161.61.245
492,tangelldn,"uZ1/}DXXlY{.""j",Tiffani,Angell,201.167.213.164
493,dennordo,wK8`px}=aQiSv,Delcina,Ennor,43.169.227.143
494,bdunkdp,xF3{?M.}?wM}W,Briant,Dunk,82.40.126.247
495,jseldondq,mR9}g9(Q.U!,Jehu,Seldon,52.235.180.67
496,gcoweydr,"xX3""r~(0U",Georg,Cowey,248.177.34.108
497,gballingerds,lI9+LO.hHI,Gabbie,Ballinger,132.70.136.205
498,cmaccrossondt,zN2>\UTO'fvbaM*r,Chris,MacCrosson,210.211.251.249
499,ahelisdu,"cX6/""|_L>|.lAL",Ardath,Helis,173.140.78.228
500,bbalcondv,"dO4!,heCp",Brad,Balcon,113.18.7.200
501,smalserdw,jX1|<)UTy!|}0',Staford,Malser,165.237.38.67
502,aoffelldx,eO6#k=nWR%=FEP_,Adlai,Offell,62.48.168.87
503,ypittsdy,fW7~dk9rnQ|oE`,Yvette,Pitts,66.143.190.104
504,cdomanskidz,nW2.EIA29,Christophorus,Domanski,145.220.237.115
505,rweatherupe0,kE9(o51@D*!,Rubi,Weatherup,169.245.27.190
506,afudgere1,nT5'aFsJ>ffe&},Alair,Fudger,187.23.120.134
507,dstrakere2,nF2$ATUs,Davina,Straker,72.26.59.229
508,vcomforte3,uT7)'Y*|'z5_E\nn,Vale,Comfort,67.147.41.229
509,obeddoee4,eH8=grgB,Otis,Beddoe,128.224.118.211
510,kcolgane5,"pH1#0""u_ej0Cr",Kristan,Colgan,230.138.57.225
511,sfeachame6,jZ5*B{'hO.Vx,Seka,Feacham,72.130.80.201
512,dheijnene7,zD1$a<l{8IoIz,Davin,Heijnen,220.150.33.100
513,gsentene8,"aT1""W}$%Z#3|K",Gretchen,Senten,41.101.142.223
514,cpaale9,nD9/Zjr.,Clarey,Paal,230.237.160.120
515,svickarsea,lJ4*nEk9V,Siegfried,Vickars,20.217.217.45
516,farchbutteb,"xS4_\K`Z""9\ZtIx",Felicity,Archbutt,88.159.57.9
517,sgrassotec,jD0~#UJG~,Susanna,Grassot,44.108.153.115
518,bmanused,"sX3&C,Y|k>~",Bertrand,Manus,6.154.75.235
519,adolleee,"rN2},Z#b",Arther,Dolle,144.212.78.134
520,ckennfordef,"vA1'h>F?+,8",Cissiee,Kennford,162.109.98.182
521,landrzejczakeg,yP0$HOh/v)i0,Loralee,Andrzejczak,229.227.210.80
522,pguilaemeh,"dV6(,md{XBgp",Page,Guilaem,167.142.174.119
523,cduroei,"jL0""Hn""G",Cam,Duro,174.227.50.18
524,dashfoldej,"oN5)W,/RUA%w",Devlen,Ashfold,126.179.190.73
525,hmaddicksek,wD7!$r`1v5@A#|,Herc,Maddicks,9.117.91.99
526,zbettamel,"mP5,)}xW?",Zora,Bettam,126.215.235.230
527,jodwyerem,fE0!`&$(j,Jazmin,O'Dwyer,137.244.18.35
528,edidballen,aL1_@C$n3i#bqjMe,Estel,Didball,168.67.235.12
529,gblaneyeo,zX1(ADBFqD4{,Genevra,Blaney,59.18.134.5
530,mleatonep,hY8(ubwDgi5,Mirna,Leaton,107.142.3.30
531,cmakereq,kS1{~h(1ML@K~<TK,Carlynne,Maker,91.175.123.212
532,cforsdykeer,dV7)@xuVUON7e$D,Cori,Forsdyke,27.6.31.197
533,bcarolinees,"bY3_G$LZ,",Brock,Caroline,129.23.28.48
534,sbaksteret,hO3*3|!IGz7,Starr,Bakster,134.218.34.210
535,fcrossfeldeu,rV4&59bG,Faunie,Crossfeld,155.83.204.16
536,wvandrielev,jH0'vXSXv1F?E,Waldon,Van Driel,0.252.95.158
537,abambrughew,pE7#JtVndnN,Amalita,Bambrugh,219.13.12.59
538,furidgeex,qJ2<o0$Fs$N,Fern,Uridge,219.227.23.9
539,ebefroyey,"aY0\`{quJI""VnK",Earlie,Befroy,197.138.236.173
540,lbeartupez,"eA8&.wF""|DCJl",Leeland,Beartup,227.220.91.15
541,upeaplef0,"pS2~|G"",r,z",Ulla,Peaple,2.64.76.133
542,cdisleyf1,qL5.zB7L&,Cassy,Disley,77.83.123.120
543,cdeussf2,tO6/se4Cw,Charmane,Deuss,38.44.181.122
544,ccorbouldf3,"zJ7)""sly""Q'?yh",Corrine,Corbould,51.28.12.88
545,ctisunf4,bF7?bFeg=5b,Ceciley,Tisun,89.108.1.171
546,jsafflef5,qR1>C>z4/so/#p,Jay,Saffle,36.67.98.65
547,jmohunf6,eS5?E0NF=c,Jeane,Mohun,28.184.42.55
548,eoenf7,aO2<<jHD7,Elspeth,Oen,5.239.142.244
549,kiorillof8,"pY0=yrWI<{""",Kelly,Iorillo,246.99.24.30
550,choldforthf9,"lY9""{64ZxT.=hw",Cammi,Holdforth,186.179.116.130
551,rblomefieldfa,"cC9""mc@8M",Robenia,Blomefield,110.199.112.16
552,pdewburyfb,bG2<!wqs9J,Pierre,Dewbury,130.190.210.195
553,ttutillfc,qY3?KgAGFL,Theresa,Tutill,243.117.161.181
554,mmccrearyfd,cV8?(n){u7,Mill,McCreary,130.17.142.67
555,atreacherfe,"iP0\""au""`",Alyss,Treacher,16.137.180.251
556,spregelff,mG8$00`P#sZ,Shalom,Pregel,47.176.251.101
557,lsymonsfg,iG2(C@lv$B*e!,Lauri,Symons,211.35.33.31
558,aaysikfh,kX5%t!!_cr&4X(,Alanah,Aysik,246.7.206.170
559,spineauxfi,yE3{2!@mG@pt,Salomone,Pineaux,9.64.193.247
560,jbarkesfj,sW9~Y@I'dU,Jessalin,Barkes,173.162.147.220
561,wskupinskifk,dU2\sT0.U7HyAyE,Winslow,Skupinski,255.219.79.74
562,skorpolakfl,fR4%5j2Pc,Stanford,Korpolak,97.220.12.2
563,gunionfm,lW7`6Bz#>pMh`A=,Glori,Union,253.8.51.111
564,nstrakerfn,"uA3""lo+=03",Nancey,Straker,1.88.157.134
565,cbuckleighfo,cN4<r3Vdo{n=.pNR,Craggie,Buckleigh,47.56.140.226
566,jkimblyfp,nU8+)7m&tc3A'&,Jen,Kimbly,208.2.177.188
567,zlatanfq,iV0/zX(d)A{D,Zared,Latan,187.99.30.31
568,hgrimafr,eO2/\ONFl|AI*,Haley,Grima,39.88.158.159
569,jjosephsonfs,oO1>S'40.,Jennette,Josephson,230.3.196.210
570,skremerft,"rK6}""MuGe|",Stephannie,Kremer,74.58.55.83
571,gpielefu,wL0/DcP'YP,Georges,Piele,93.78.4.145
572,sharwoodfv,hF0`Q{>X,Stephanus,Harwood,83.73.156.252
573,bashwoodfw,cR1'$'\bXC>#,Beilul,Ashwood,238.196.216.195
574,etaffurellifx,lT7~aeyU/Qds,Elke,Taffurelli,111.170.184.74
575,mriordanfy,mX8(R`}&,Myrtice,Riordan,116.145.160.67
576,ebeckhurstfz,cB9'fuw6%o6_e//X,Ethelind,Beckhurst,217.98.144.11
577,mstaresmeareg0,fJ3?+4KIDt@qy,Min,Staresmeare,160.38.64.234
578,ehartoppg1,dJ1?I`{@{GfDdl,Eran,Hartopp,73.180.152.53
579,kabbayg2,rK8)4=4l,Kelley,Abbay,25.188.95.3
580,lwinscombg3,vD9<3C2p|tS@,Lindon,Winscomb,215.247.174.20
581,mjordeng4,gM5=S+egP,Marti,Jorden,122.234.146.158
582,jbrewg5,"oM9,hZNu3(,yr",Jenni,Brew,91.10.39.14
583,niansong6,wK3@}6TQtVOY05!0,Nobie,Ianson,254.119.105.62
584,gdoylendg7,oZ5+/7H|D1,Glenine,Doylend,128.20.47.126
585,ibillanieg8,wC5>}6M53r}(Yl!,Iain,Billanie,117.23.135.180
586,wcorbing9,gG5(6XzYv939,Waylan,Corbin,247.41.159.86
587,bjenicekga,eU7**3pJ,Bili,Jenicek,222.228.129.239
588,pmohammedgb,hQ9/4?Sa8jRznj,Porty,Mohammed,139.83.32.107
589,dgascoyengc,kX4/p/Euz$Vd,Davidson,Gascoyen,141.231.255.185
590,vfrankemagd,xU0\UvH3R}cw,Venita,Frankema,139.149.3.17
591,llingfootge,pU3$IHa&+_$(wU,Lynsey,Lingfoot,80.13.76.76
592,jlettsgf,rI5%#5w2A!FK0+tE,Janith,Letts,207.56.132.173
593,lhattongg,zS6?$a((bW9oZ{,Lorna,Hatton,63.119.21.86
594,sbouttellgh,"zP1>&EBNvr<Xu4""`",Sumner,Bouttell,190.121.229.72
595,ahustlergi,aV5!3~tQ,Anet,Hustler,135.23.229.162
596,mpetworthgj,dE8=/8=g=$cTp,Malachi,Petworth,125.180.181.181
597,krobbegk,"eZ8\%WFn,",Kendre,Robbe,122.6.109.239
598,rsoldnergl,vL8=pA}Bl,Ronica,Soldner,96.55.203.233
599,xsunnersgm,eN6*w{'T$#3=5,Xever,Sunners,184.131.104.16
600,rvarvellgn,jC6$L_)b\kfD,Rose,Varvell,243.146.20.45
601,sliggettgo,"eD1""RX@WSvwpZ",Siana,Liggett,46.96.47.218
602,gbroodgp,"iD8_X}/M,tU&*s",Gayle,Brood,132.33.213.210
603,cchidgeygq,pO7=wkVu/zHUi{Gi,Carree,Chidgey,216.26.176.68
604,nsircombegr,"bE9#N!XDz1,yP",Nerita,Sircombe,21.49.245.246
605,gcreffieldgs,pS0+j~=K)f%0#kYJ,Grant,Creffield,174.152.100.63
606,vpittsongt,aD8_9?4c@G,Valentino,Pittson,247.27.153.59
607,mbutchergu,kM9{mtp02lB,Marybelle,Butcher,235.128.235.98
608,sseedsgv,rW5&7CK?n!T(,Stephi,Seeds,57.100.248.112
609,bpevrealgw,dO8*Z_jO*9p`(#t,Beverlee,Pevreal,118.29.17.129
610,lmaffiagx,nX2=2)Qp8@,Lorilee,Maffia,7.70.146.73
611,amucklowgy,sG3#G$H>4,Adelbert,Mucklow,213.106.207.80
612,lblincowegz,oN1${d%O,Lawton,Blincowe,127.60.222.248
613,ccoppenh0,cI6@q55lZD,Claudell,Coppen,45.246.175.239
614,gclementih1,gY2)6~ejQJvckN88,Giff,Clementi,7.94.124.63
615,jarnoldsh2,iS5/sn(?T32mQ~+(,Jakie,Arnolds,72.204.1.177
616,eperringh3,hE8>(QF?C',Eunice,Perring,229.68.115.106
617,jlukasikh4,bC5{v2D!yM)WoQO,Jeff,Lukasik,156.125.75.158
618,dcoronah5,vP5<VG63)xdUeU_Z,Dionysus,Corona,53.224.36.69
619,bmollisonh6,"qI1#""n8z3~",Bella,Mollison,249.107.89.80
620,wcarnegieh7,tK9=A3EM+q7,Wallie,Carnegie,236.178.205.7
621,jblowickh8,vW8|1u?Ne(,Janette,Blowick,21.25.182.58
622,mglascotth9,"gT3`""=By!d!tHER&",Maybelle,Glascott,52.184.6.129
623,gdeamayaha,xI0>1nA~Trc$A)7+,Guss,de Amaya,170.152.100.142
624,kcorbiehb,pD6(R</#c>gjrdDD,Kailey,Corbie,92.130.19.119
625,cnisuishc,pU2!wNbMl`v<b>,Cybil,Nisuis,48.195.33.65
626,nmundellhd,oZ8<9kWz<rkNN.gq,Nessi,Mundell,124.234.229.224
627,jthomersonhe,"lE8\DJK@b=qYnN""X",Jeanie,Thomerson,123.41.4.70
628,lguerrohf,vU3#p0'IsW\hP,Lloyd,Guerro,226.103.245.52
629,fbroxaphg,"aZ5,>XIyey.",Fabio,Broxap,149.147.13.247
630,btrivetthh,mA9_SO*{1dHUdLL,Beckie,Trivett,205.243.102.159
631,tbabbshi,nG3_\w@S,Tabitha,Babbs,246.137.129.52
632,aphilipeauxhj,cA9$ViF?}4_JshTk,Aprilette,Philipeaux,177.246.141.180
633,gheminsleyhk,kY6@Yv?9,Gris,Heminsley,218.41.245.53
634,hkeeneyhl,hN1~Y83DVs,Hettie,Keeney,204.76.204.94
635,cjackeshm,"uB5,8CQanebCaZ",Cecil,Jackes,163.69.37.225
636,stimmshn,eO1}?L5I%z2B!G,Shannen,Timms,221.89.213.164
637,hchopinho,wB2#\!I)iqH,Hiram,Chopin,172.45.67.1
638,rmatzaitishp,"gO1""h'3J@",Rae,Matzaitis,64.188.103.80
639,fgallahuehq,yG9)?LpYQV4WPoJ(,Frederique,Gallahue,11.82.159.25
640,flowthianhr,dP8\Iu*r,Florri,Lowthian,252.55.163.50
641,cfrantsevhs,rG3?!Cd9~3O,Candra,Frantsev,72.191.40.235
642,dmeadowsht,"yM0'11ko'"">yg/",Darb,Meadows,99.153.124.94
643,brosebyhu,"aD2/o/}3<#(""~",Briney,Roseby,184.122.21.179
644,lcurdshv,oT0}P}2umm,Layla,Curds,71.47.62.23
645,dphilsonhw,fT0{aU9HTd,Dilan,Philson,2.221.225.187
646,aibbotthx,"eX5""l1|tsiliO'vi",Agace,Ibbott,100.33.80.33
647,nkauschehy,"iF0*,B)Wqyu#bz",Nelson,Kausche,246.12.145.132
648,cyewdallhz,dX8*kJ>VAe+j1,Currie,Yewdall,55.96.180.250
649,asmoughtoni0,rE8>(4#S&cUkJ,Arney,Smoughton,175.164.142.42
650,mshanksteri1,"fG1\,knJ",Megan,Shankster,93.194.223.187
651,fdmiseki2,cW8+)Ryssf,Free,Dmisek,188.14.5.122
652,askarri3,iV9$93Vk=2,Audrye,Skarr,59.111.167.39
653,hkellingi4,sS0|q`ud.bN7D<$2,Hamel,Kelling,83.73.152.140
654,bleyesi5,rF0{3Q5W%@9&Hc,Barr,Leyes,98.165.10.117
655,tscamali6,"rU8,xqpT,fi7.",Tricia,Scamal,39.142.47.25
656,pcatori7,"eV1<x`v7&""K/J6",Peyter,Cator,48.48.32.133
657,hcupperi8,eY6{g/Efml<!E'8,Hilarius,Cupper,11.145.35.230
658,mgookeyi9,zM2#YLc0h',Merrilee,Gookey,163.163.221.57
659,lthurbonia,qB0'UJG)P?l8TMtT,Loutitia,Thurbon,13.10.23.230
660,lwoodburneib,"zL5')""lx2aCL=T",Lethia,Woodburne,30.28.235.103
661,fcrinsonic,oO0.My#HK6,Ferdinanda,Crinson,35.60.245.15
662,erizzelliid,aA0)~cnuj,Enoch,Rizzelli,78.160.207.242
663,qfranzewitchie,kO1|dhw`lrK2d,Quentin,Franzewitch,124.192.65.63
664,dbasketfieldif,nP3_l=(nP,Dolph,Basketfield,75.145.12.104
665,mdionisoig,hM8{50\.CKS6,Morris,Dioniso,206.167.33.243
666,dcomiamih,"vY2?PAZk2Y~""{hW@",Dena,Comiam,121.116.158.74
667,gleyrroydii,lF8'*+F>XK%d.b8j,Gibbie,Leyrroyd,143.128.177.91
668,cbutterfintij,yC2%V(&=op~y,Casandra,Butterfint,217.113.210.74
669,grockwillik,xN6`'8|tVFs,Gusella,Rockwill,53.156.135.142
670,dmccrohonil,rO5!Sl&`irevPmw,Derby,McCrohon,91.219.32.114
671,gmarkeim,eR2=$B')J{v,Gardener,Marke,118.227.66.26
672,sfelgatin,sT6?A#hbijs,Simonne,Felgat,104.137.169.171
673,bmcgettiganio,"jV4""XV2Lht",Barde,McGettigan,144.124.35.181
674,cdudmanip,xF9)y{IP5cs@l3w~,Cesare,Dudman,96.126.231.186
675,asempleiq,eA9/n3Fr5gF5kL,Alister,Semple,95.68.235.93
676,bedmandsir,eP7`%RU?p,Branden,Edmands,253.241.167.5
677,fyantsevis,oG5'uDJ|Hs(,Far,Yantsev,128.191.233.31
678,cgeraudelit,iA0)srW76,Carlie,Geraudel,150.5.165.121
679,kklineiu,uT4>Dd0?,Kristian,Kline,88.13.101.210
680,ebrutyiv,jE5$0p(FgJsQVKn{,Eartha,Bruty,110.233.157.156
681,tpriestmaniw,hH6.yx7E2{IoQix9,Timotheus,Priestman,3.27.8.83
682,naudissix,"oF5""&lrO",Neilla,Audiss,5.168.112.221
683,dwalleyiy,sF6?P(yu)7\5})_,Daryl,Walley,69.75.121.188
684,lgherardiniiz,"gA5*,}yBUp9rI(/",Leanna,Gherardini,141.24.36.57
685,gbuzekj0,"lS0>88T""sgwU",Giffie,Buzek,87.174.112.213
686,lcanej1,cV1@<Lu+XEj2ec1,Leo,Cane,110.166.231.177
687,wlearyj2,"pC2@,7t{mXf`gbx0",Waldon,Leary,151.225.182.126
688,pdiegoj3,eT0&=|jH=1,Peria,Diego,182.39.74.254
689,mvillaj4,"rN5~'o""5j2F~MHSi",Meridel,Villa,113.186.75.231
690,bnetleyj5,sH9{JQ*AD_~gY\eX,Brunhilda,Netley,84.77.185.188
691,yindruchj6,zH7\7aQ/Wo#!,Ysabel,Indruch,179.181.246.174
692,olapworthj7,"oH2""To&}nOPC~*k",Oralla,Lapworth,236.255.172.69
693,shanningj8,"sU6_U&0_d}%e3,@~",Sibyl,Hanning,79.9.156.123
694,lquarej9,aY6#uS>}Wj(Y'oh,Lorene,Quare,47.208.79.198
695,lstratheja,iX6+'NBrh.bG,Lenee,Strathe,172.49.57.159
696,lmannoochjb,sS2@<balBw?p,Lanette,Mannooch,230.6.137.1
697,lburgejc,"iL9,!,&CGQNmjy",Lynnea,Burge,49.198.101.152
698,csheerejd,zY4'`OCagI#,Chaunce,Sheere,153.94.208.15
699,awhymanje,rQ5={\sc,Annora,Whyman,33.19.203.105
700,ftalbyjf,sZ2`$2%A.8JJ&~,Felizio,Talby,12.15.208.239
701,pblownjg,fT5+h%pS,Porter,Blown,38.27.132.131
702,wkalkhovenjh,eM8_i++!0E#w,Weidar,Kalkhoven,188.124.175.221
703,bcastagnassoji,aL5}/@Icz8W0,Berke,Castagnasso,176.231.97.133
704,ceverwinjj,yG9+#XS2z\bGaI,Constance,Everwin,51.10.217.19
705,cbredgelandjk,"kB3_5z@6,jq?j}ea",Caesar,Bredgeland,142.130.77.100
706,dhargravejl,rT0|Y'*$y_dw,Davina,Hargrave,58.144.239.153
707,asperryjm,nA5{\oQyWTz,Alvina,Sperry,173.139.138.79
708,jlaxonjn,oB3'xMrwTYyHX>,Jermaine,Laxon,96.206.0.170
709,tmattusevichjo,uR1*k=+N1%0i0,Tucky,Mattusevich,253.136.199.193
710,ewaddilowjp,"yW4_""unh3t9>*",Ermin,Waddilow,188.164.151.37
711,bvaneyjq,fY1/8Za18Pet,Brod,Vaney,151.101.68.166
712,rantonyjr,fJ6?k>.@d$kh,Roxane,Antony,200.2.140.251
713,ocortenjs,fQ4=W.aKNCP#T=,Odessa,Corten,53.165.229.113
714,ibolzenjt,fQ3\).ZgChuN#Ex,Isa,Bolzen,16.145.60.159
715,rsemradju,sB4!MQWI8>2aC~q,Rhodie,Semrad,103.77.65.76
716,arobkenjv,yL1~g6MmJ,Adolphe,Robken,83.138.17.234
717,hsaxelbyjw,kJ8$#bI6Qe/}FxeN,Hilly,Saxelby,18.80.20.244
718,rgozzardjx,sC7!)2Qg9BVn?u,Roch,Gozzard,27.159.184.122
719,kbulterjy,wA5|xF|P||.giRu,Krissie,Bulter,216.27.54.170
720,talansjz,vX4_HF+F}Z`y,Ted,Alans,229.224.11.46
721,cchoppink0,oO7+qs|~H},Chelsy,Choppin,29.200.45.183
722,thardingek1,hH0=>&X<Utk<Y,Tulley,Hardinge,209.227.59.129
723,wmcairtk2,tB7|DZ`EL%YMI,Wells,McAirt,63.59.112.141
724,tplewmank3,"iB1,f)Yv",Towney,Plewman,213.240.196.213
725,brosanderk4,oD6@)TB&8R,Barret,Rosander,230.125.89.128
726,srikardk5,zW3&eBDI9{0ajY,Sonia,Rikard,211.13.92.101
727,givellk6,mL3&2K{QMP,Guillemette,Ivell,139.116.254.222
728,kjeavonk7,lA2@Hk@u53,Kerstin,Jeavon,212.23.206.89
729,cspearingk8,"kU1,RN{'JSwZ",Corella,Spearing,3.81.214.23
730,ehargetk9,"cR2.S,CZ3",Evita,Harget,240.234.170.251
731,klightwingka,mI3<#keTy_4+Fz~,Kalinda,Lightwing,209.88.57.150
732,csancroftkb,gK7($oeAIm,Chaddy,Sancroft,62.234.240.229
733,ssanderskc,"jQ2'F6*,P0y",Sim,Sanders,164.88.100.254
734,mocallerankd,"eV5""3m!`(K,MOj",Mora,O'Calleran,25.31.220.73
735,nchippske,xN8+Ddaf,Norah,Chipps,132.45.127.188
736,hbutcherskf,"qY1%Rx+u""`QWpsLg",Hedwig,Butchers,28.204.115.235
737,kkinchleykg,"rL2""If=t/fD",Kerwin,Kinchley,213.81.226.136
738,pgierkh,mW8.6%ZHAE,Paddie,Gier,158.88.137.77
739,rspeachleyki,gM3(6Unst06}_~yO,Raddie,Speachley,186.169.143.45
740,ededhamkj,kW9?eFIBdHgFde!z,Estevan,Dedham,223.64.187.88
741,gseviorkk,iE4!4KI7op9,Guss,Sevior,3.159.230.20
742,sdeblasikl,iB1(Y(dZsWAAD}Vd,Skelly,De Blasi,221.207.146.17
743,mbeddinghamkm,gY5=QxOT3M2<lR9S,Maritsa,Beddingham,205.120.89.192
744,dkearkn,nL1(DhdLv|keqW,Delphinia,Kear,216.26.216.59
745,hgaynsfordko,bM2.Fox~0W9V,Herbie,Gaynsford,78.84.141.206
746,deliescokp,sJ8_H~T&F$*6St0,Drucill,Eliesco,150.135.157.212
747,atwitchingskq,sG9>Ugisw2$,Aloysia,Twitchings,229.35.29.252
748,pnodeskr,zQ9!078ot'cN'jq,Pierson,Nodes,86.155.25.193
749,imiddlebrookks,"bF6""jxnXnwB",Iolanthe,Middlebrook,82.6.198.52
750,sofallownekt,rF6\UpH$,Stefan,O'Fallowne,108.238.192.236
751,ltomaszku,"iD2?A5R#&p""""H",Lester,Tomasz,234.202.41.155
752,cbridglandkv,"lB8@LdUl7G,XA|",Chandra,Bridgland,249.221.172.201
753,hmallordkw,wI4(ki9aoBqj..,Heda,Mallord,133.71.81.215
754,awickeykx,aD0~LoXD1T_,Aimee,Wickey,130.172.141.25
755,mhookky,dU1!?Pc@jBh<l_~F,Malvin,Hook,191.124.6.13
756,nstrusskz,"uO0*<`5l,Lt7",Nellie,Struss,217.112.237.169
757,grikkardl0,pU9`QQbRKA,Gaynor,Rikkard,37.246.108.3
758,lmenauteaul1,"rI8>)""l)5PJ==*S~",Lombard,Menauteau,80.225.7.250
759,ecarthyl2,lQ2'PYceGA<}swm,Edwina,Carthy,245.99.4.204
760,rvellacottl3,jN4@xVeZuE=H,Rudyard,Vellacott,125.23.111.190
761,mmaddocksl4,"xW9/W{e>uShQ,Q~",Melisandra,Maddocks,208.93.131.71
762,pwigginl5,"kA0?O""QBE,plhLo",Percival,Wiggin,96.110.138.207
763,jbrookel6,kP7%ayu_!(),Jedidiah,Brooke,8.75.6.153
764,mraddenl7,bC0_7EJ=QzyDFP&,Milli,Radden,29.42.201.152
765,ablankol8,lC0#+6ji}h/qLSx,Archibaldo,Blanko,43.115.81.51
766,acouvel9,hI1&t)#j<(`Y0q,Almeta,Couve,3.58.88.93
767,bkernellla,wR5!F<.60%Mk4,Benoite,Kernell,60.222.82.214
768,sdeaconlb,nO2(?P/+\s,Sonnnie,Deacon,62.90.55.232
769,mblogglc,"qO8""d),a`ZK\.",Melisandra,Blogg,50.82.113.174
770,crundallld,wA3}Y0%2j,Caresse,Rundall,208.234.196.183
771,shandsliple,dU4\*RT0!ILS,Stephani,Handslip,174.91.60.143
772,ktylorlf,pZ0(0j~h,Karolina,Tylor,192.66.151.12
773,isimmonslg,jA9_lx!t2w,Iris,Simmons,20.47.192.132
774,gackeroydlh,aP0|uR(AKvhc\J1i,Gabriel,Ackeroyd,100.177.209.66
775,rcristofololi,vU0`{>FYhyjl,Randell,Cristofolo,84.26.16.222
776,tpoppylj,hX5{\U}4vd=Gvq,Tiffany,Poppy,133.227.119.48
777,neareylk,"hA6""G""JLwj",Nariko,Earey,73.129.104.89
778,chunnaballll,yP9/PS*~=t%.F,Cristobal,Hunnaball,72.31.30.64
779,mhuntlylm,"uQ8""(7DhA6<>Ee4",Matthieu,Huntly,126.116.2.205
780,vlambournln,"xQ5\V|""WXOm",Violante,Lambourn,17.59.0.171
781,rdecrucelo,hL6}tax*j~0I`,Raquela,De Cruce,32.62.56.221
782,eolsenlp,"sA0+h/U"")DZH4&JB",Elizabet,Olsen,172.124.203.252
783,ucastanelq,iP7=!&2ab%tJP,Ula,Castane,173.140.85.117
784,adachlr,wH9!Kb_jG\O,Augustine,Dach,94.82.201.144
785,coheneryls,mG7.9/~.en$}oAr,Creighton,O'Henery,89.229.101.175
786,kfitzhenrylt,yN3>cmit!$7,Karlyn,Fitzhenry,157.208.225.240
787,tphiliplu,yS8>qD){b$,Tomkin,Philip,76.198.17.90
788,avonhindenburglv,rX1(7?k)D{fwX/&,Alfie,Von Hindenburg,113.13.245.75
789,cbrownlw,"iL6+7Wn90m.,<*K",Caspar,Brown,62.6.60.191
790,npreatorlx,aG5#t~0S&\YlFP&,Nancie,Preator,90.11.140.145
791,aainsburyly,eC9|cs57L@3(Z,Alix,Ainsbury,138.117.247.117
792,bhullerlz,cB2>/shWh,Burgess,Huller,232.193.220.192
793,ecastlakem0,"dZ3,=l6xP_",Elise,Castlake,85.49.208.159
794,kmilanm1,gT7{Cw7y+LPG,Kalli,Milan,189.194.159.46
795,fdunstanm2,hI0+ANEdjn,Francyne,Dunstan,131.76.89.63
796,glowrym3,"dB5,ClNK#c_X=_",Gordon,Lowry,159.148.9.149
797,nwicklingm4,eO8((.I|l0,Nettle,Wickling,75.224.242.221
798,rbristowm5,uT5<VrmPi/jrp,Rowena,Bristow,245.126.18.167
799,sdecourceym6,cH7)08!yRA/s,Shandie,de Courcey,213.231.120.149
800,amachansm7,aP4#IxQmP',Andres,Machans,93.192.189.254
801,gloftingm8,"uC8*EFQ""",Gerik,Lofting,112.117.26.0
802,tcysterm9,aX4`v6MA,Theo,Cyster,200.185.134.60
803,lkopfenma,jH2{/1Nyfb6T|N{C,Lorena,Kopfen,0.235.225.123
804,tfilmermb,fW5&#ETP'3!/p,Twila,Filmer,13.186.228.38
805,bsalvatimc,rB0\O5Swsv\Zwd,Britteny,Salvati,132.27.2.134
806,ravomd,"pE3(<""EH~gTeIGLU",Rubia,Avo,18.105.126.59
807,fokerinme,fD4#_E4ilvY%)l,Florence,O'Kerin,178.163.90.0
808,karonovitzmf,"bU5,@6!dF,9&I",Kizzee,Aronovitz,43.232.120.94
809,cbowdreymg,tU8{_>\d@,Chev,Bowdrey,36.247.27.23
810,bwithringtenmh,iB6{0m&v<V,Baily,Withringten,75.72.227.38
811,olinneymi,jO6@TE%{MZmW\~,Orsa,Linney,253.180.45.110
812,prosbottommj,hF3>t9`B.,Peggy,Rosbottom,238.148.14.221
813,obraunleinmk,"rC4<for,u4h%~)V|",Ottilie,Braunlein,91.5.158.240
814,vledwitchml,oS5`lf$>57Py,Veda,Ledwitch,15.84.60.94
815,iluckingsmm,xB0{$%QG~j,Ingar,Luckings,235.156.154.77
816,hrushsorthmn,lS2'jtC}1C,Hansiain,Rushsorth,31.172.67.74
817,egreasermo,tH1_PMHr@a,Erek,Greaser,37.172.23.137
818,bkellemp,uI7`+Piw`xgIl`9,Bryn,Kelle,34.16.135.250
819,flarmuthmq,hK2+mfYo9<n!x,Farlay,Larmuth,186.156.14.244
820,ifarquarsonmr,jA5`!_TQc8L25_1,Isobel,Farquarson,211.43.94.198
821,bderbyms,sD6$P&4!,Buddy,Derby,75.223.230.9
822,dblestmt,cN5#p$8Foj)1mj,Doug,Blest,164.199.110.88
823,ahaddonmu,kF2()j2XDpew'/(G,Aldon,Haddon,144.97.98.5
824,crevanmv,"yU8,~HNH!F~U,",Carrissa,Revan,223.179.30.82
825,kgristmw,"mB1|LZAt3X?""4Usy",Kirsteni,Grist,184.157.75.106
826,rtiffneymx,bF5)q`<??32si&W4,Rozalie,Tiffney,45.163.73.97
827,gpoetzmy,"vP2""g%ey",Gail,Poetz,236.1.51.84
828,zwisdishmz,qN9~Jhh%vTGxoyfc,Zack,Wisdish,199.5.102.74
829,wmattenn0,"aO8""3q*$iy|",Willette,Matten,243.69.93.11
830,rstartinn1,cR8&VYI?#0,Rachel,Startin,154.56.40.23
831,tschultn2,"iK4.HDJHf""<",Teador,Schult,241.122.90.156
832,aandreassonn3,aZ7.cdh$'8{)(,Arney,Andreasson,254.251.153.161
833,abesantien4,aH1%j`%s8=#oO_,Amelie,Besantie,84.134.41.242
834,lbartkowiakn5,hJ6.*#4WI!,Lay,Bartkowiak,78.189.253.198
835,rbiddern6,sE6|>obMXf$$6,Ryann,Bidder,197.52.50.96
836,mtruden7,vF3*X*PXV`,Meryl,Trude,35.8.146.188
837,cfarnn8,mS7/(Vz/,Caro,Farn,247.34.98.184
838,shuginn9,nF1<pb%jF,Susanetta,Hugin,105.190.128.40
839,sblandenna,lN6`AiWPR=>!)h3B,Selig,Blanden,224.4.104.210
840,dharbottlenb,"zF6\,?4j",Dewey,Harbottle,216.146.245.126
841,sgarmnc,pT6|igT%Ng!kF~9N,Suzi,Garm,251.151.141.28
842,bdedomenicisnd,"uO7,rP/p/NV>",Bevvy,De Domenicis,44.176.202.44
843,bbendelowne,"qL0@A,T6a?Ktz",Blair,Bendelow,157.57.227.194
844,bmccambroisnf,hC5&yPW(,Bernie,McCambrois,55.196.208.238
845,dhurburtng,iG0_<.Y$a,Darius,Hurburt,12.144.216.209
846,jclampnh,zN2)9k&4,Junia,Clamp,62.200.187.142
847,fcolhounni,xJ4#3x0}`V_,Frederik,Colhoun,161.250.216.169
848,rdiamantnj,"dD3""qv&F",Roderich,Diamant,163.181.147.243
849,cknewstubbnk,hC1#raLf$,Carolann,Knewstubb,71.105.251.159
850,agebbnl,bV2#+@3Xiu0Gc%q,Arny,Gebb,219.138.102.129
851,dstazikernm,lH0'l~fs,Dredi,Staziker,205.175.50.74
852,cyakovlnn,wT3<QD@~,Clifford,Yakovl,247.127.162.127
853,pgarmonsno,zW9&z\_1~Ihp&Y,Perren,Garmons,150.198.189.33
854,bcrewthernp,pZ3?zT}*p!{)3*,Benji,Crewther,229.158.218.220
855,amuzzininq,rI0}9E1_df|5%%,Abbey,Muzzini,42.211.17.54
856,agrottynr,"cN9},)C@HP\n.",Abba,Grotty,229.170.35.201
857,rpoletns,fE9}&jmK,Rhetta,Polet,173.84.190.129
858,ameldrumnt,"rI9\S""6QwLL",Aurelie,Meldrum,63.90.82.38
859,eredholesnu,rM8?#oB\&_n{,Elana,Redholes,251.166.137.219
860,aavelingnv,kC5|Ga\e,Abe,Aveling,59.25.200.11
861,rodellnw,eU4?McQxnGeZW*,Rowen,Odell,134.70.80.178
862,wderricknx,uQ2<F%ebT<``2!,Waverly,Derrick,7.193.93.14
863,gbocny,"lV7>Z,2k8z/9",Giacopo,Boc,240.210.36.64
864,ddawidowskynz,vW0@Y3S7Xt,Dulcie,Dawidowsky,135.253.84.159
865,dgilstono0,xG9<0<ER\,Dame,Gilston,78.90.71.223
866,lkolako1,"dX9,1&oR<7O}aq2C",Lowe,Kolak,242.4.128.141
867,emcentegarto2,"pS8(0'9l""RU(H*L5",Edsel,McEntegart,34.12.138.216
868,rcodringtono3,oY1&zd$M\i}YM3C,Rheba,Codrington,155.51.55.177
869,futtleyo4,mE9|}7W&b,Frans,Uttley,106.242.247.207
870,cstronacho5,zY1<z0|xBPQUH5L2,Candace,Stronach,249.19.206.112
871,amaccathayo6,mG4&DOx3H8,Amabel,MacCathay,231.62.62.215
872,fdougillo7,jZ2/*dU3,Forster,Dougill,20.54.236.130
873,mworkeso8,uZ0|U$7o`!=WZ,Mildred,Workes,50.255.152.171
874,bhallgatho9,wX1}M`9o919|Tw,Bernadine,Hallgath,2.244.84.232
875,ceastmeadoa,jY5>m<!H,Crissy,Eastmead,46.42.21.111
876,cyitzhakofob,pD2.&esF,Carine,Yitzhakof,136.10.73.68
877,bmcintoshoc,sH4#GSsqlG,Brew,McIntosh,215.127.86.104
878,kdafforneod,lN8$3zWPt_yf?\f,Kelby,Dafforne,66.65.135.14
879,jarchanbaultoe,bK4?w&|.l6l~,Jolene,Archanbault,197.52.102.49
880,khanneyof,"tG2}@oMR,}(D",Karry,Hanney,184.72.229.174
881,fculterog,vO7)LDCrM,Foster,Culter,17.135.192.190
882,jskirvinoh,qS8#JF}?T>{7I.#,Jennee,Skirvin,50.249.182.190
883,efranzolinioi,tV9(K+nI},Enos,Franzolini,106.188.55.42
884,hlawdhamoj,pT8(%V9Ty10&HDp,Huberto,Lawdham,169.68.56.46
885,abardnamok,fK1&fnx<,Aggi,Bardnam,130.28.212.154
886,gblaaschol,"yA0""$AKsriMZ@8S",Guss,Blaasch,211.174.157.149
887,jgellom,fG1+%oC2,Judas,Gell,46.60.212.10
888,cspighton,"fI1""z?g""Sy",Carlie,Spight,104.245.40.39
889,atomasuttioo,zB4%QZ2}b,Aline,Tomasutti,11.219.102.118
890,aadamolliop,fB3)t5>m<#5I?X,Alexio,Adamolli,30.114.194.46
891,cclohiseyoq,"yC3),up&",Chic,Clohisey,5.217.173.114
892,mhaselhurstor,bT1\M{C(iK??po,Mel,Haselhurst,134.86.213.132
893,fbroadwayos,iN3=ur|Un1xl%,Federico,Broadway,56.79.25.52
894,dscrogginsot,sK9\UyE|m&D,Dita,Scroggins,116.223.20.168
895,fbatieou,"rB7`niP#Sy2iUg,D",Florie,Batie,1.11.10.138
896,odigginsov,wI7*0yEq$Z!_,Oralle,Diggins,109.95.75.218
897,bdeaguirreow,"hT6?/!CU'j)""&N",Benita,de Aguirre,102.180.96.34
898,dastburyox,bY0_7dOG90%5.UJ,Dre,Astbury,250.51.225.207
899,zmcpartlingoy,cU4)l37YV/sJq,Zorina,McPartling,137.202.229.196
900,jbillettoz,qU7\9)Y0,Jessamyn,Billett,156.244.196.178
901,elaugheranp0,tF4?gA$HtY6#o,Elvyn,Laugheran,9.252.199.121
902,rhatchettp1,aZ6%)X@K./M&q,Reynard,Hatchett,85.6.247.95
903,gforestallp2,"yQ7~""v!#h>h",Gus,Forestall,103.130.90.81
904,abaudinsp3,hA3(6a!*h?,Ariella,Baudins,247.65.143.131
905,fsheasbyp4,"dX6~cXr<"".L",Freemon,Sheasby,40.117.232.72
906,svanniekerkp5,nK0_tg%c.7Q,Smith,Van Niekerk,147.154.238.1
907,acroshawp6,"wN3{S""83GC""K8",Ashley,Croshaw,246.185.14.217
908,mflowithp7,"kQ7)P""}ju",Marc,Flowith,207.151.14.28
909,bgoodersonp8,hZ3*PTlrI*dHj3_Q,Biddie,Gooderson,184.223.8.219
910,dviegasp9,qH4=lclvAXNGR,Doralin,Viegas,182.179.1.158
911,jkersspa,bK2!z0?N6,Juliane,Kerss,247.16.168.66
912,epostanpb,zL1`nmD~A!!=g,Emile,Postan,74.135.206.137
913,blycettpc,sD9{!NqiIbxg,Boot,Lycett,221.168.247.3
914,astebbingspd,"dR1"">qz4L/",Alma,Stebbings,101.230.226.163
915,jsheerinpe,"mP9(I,Ce5eXYIqr",Jeno,Sheerin,223.104.168.149
916,dswannepf,bM7(63EarP4g}x|,Demott,Swanne,231.120.97.59
917,jcordingleypg,qH1`(xsXc/<'N,Jeramie,Cordingley,13.50.42.246
918,drodrigoph,pP3}/ubfO~dT{8,Danya,Rodrigo,163.218.8.246
919,anorganpi,mW2@UEIu(Z`$,Art,Norgan,120.36.81.174
920,jspeedingpj,xV7)O&Efw&$,Jamey,Speeding,177.48.199.53
921,kmitchelmorepk,pS5~(kXC02OPTm.h,Knox,Mitchelmore,48.107.238.30
922,mgearingpl,rW6$5t(4{8,Meridith,Gearing,100.192.199.44
923,gsywellpm,cZ5@`&_6UH,Gottfried,Sywell,136.213.253.192
924,tyeomanspn,wF0!)qI>0K,Tisha,Yeomans,177.163.201.169
925,pscarrepo,wJ8>0X.pSfEJM,Pietra,Scarre,167.128.185.133
926,cknapperpp,fF7~$NI0H,Cam,Knapper,108.0.26.222
927,ballibonpq,oF3'd)%e,Bambi,Allibon,199.32.161.236
928,oamorpr,fY1{<3@cfV@3V,Oona,Amor,176.146.143.196
929,asustinsps,wA6=Z#W2Z0,Audy,Sustins,65.225.46.246
930,abilhampt,"uK9}""%q.hBO+/+W",Ardath,Bilham,175.124.122.32
931,taxlebypu,mH0!44oI,Thea,Axleby,9.56.125.185
932,fsnoddenpv,rJ1!S@faL,Frans,Snodden,204.46.163.138
933,svooghtpw,tO5*euM~9P98K$|i,Stearne,Vooght,196.2.226.65
934,alewsypx,"wX4?i4Nt7""S""x2C*",Aleen,Lewsy,130.254.205.162
935,kchasteypy,hA3)tipj)7c,Kara,Chastey,220.26.97.22
936,bcumespz,hA2.u\G<cW,Brit,Cumes,53.169.144.99
937,bmanzellq0,yN4/0dnbrtW,Biron,Manzell,16.202.233.94
938,odreweryq1,qT3*~+wKcEh9,Osbourne,Drewery,95.68.152.237
939,lmcevonq2,"lA9\x""\h",Lonny,McEvon,88.125.155.27
940,mpopplewellq3,uX4>DFmvXR,Mindy,Popplewell,223.10.177.22
941,bspurretq4,gN4.yP)0+tV*csMn,Bibi,Spurret,135.11.110.67
942,mslucockq5,rJ5>3GeK,Mordecai,Slucock,192.134.165.152
943,pbuttelq6,uN2>2&lU'D`,Pat,Buttel,59.187.54.100
944,fbevesq7,"oE1""f+s?",Francene,Beves,128.136.93.227
945,icuttellq8,pA7.=aL6VB#p,Irina,Cuttell,5.191.244.200
946,trunnettq9,iA1'2C&I03R,Theda,Runnett,109.168.45.186
947,kpysonqa,"iR8""T>`{Xg/(",Kerrie,Pyson,129.101.158.84
948,cmitchleyqb,wF2_#Hu#dZq,Chloette,Mitchley,100.103.35.75
949,rtruscottqc,"vC4{r,wgF",Roldan,Truscott,170.111.124.115
950,tpontefractqd,jL8~J'PUfOg,Tonnie,Pontefract,16.92.85.26
951,kwitheridgeqe,nB6`!bgEb5/cg@j,Korie,Witheridge,86.177.159.58
952,rrixqf,"nQ9,b""F3pI",Robbi,Rix,222.42.71.68
953,bmcclenaghanqg,oY6+#m}}HWRDk%(,Becky,McClenaghan,21.171.198.80
954,eblethynqh,pT0_T+`wi~*/,Emalee,Blethyn,4.247.210.147
955,rbeardmoreqi,sJ7~(?vyuiY81zc,Rex,Beardmore,236.49.78.59
956,smcleodqj,kI5@m4d}7g+C?,Sindee,McLeod,18.143.18.134
957,gcallesqk,xI9}DNiNYWM.,Georgeta,Calles,38.126.243.169
958,asemorql,"eH7/+,P?,1P@",Ariela,Semor,20.111.151.194
959,blimrickqm,"gO1``i*/""QY'",Barri,Limrick,70.66.234.77
960,rolynnqn,vI7.ue||uQZ9,Randy,O'Lynn,168.239.78.90
961,bfieldingqo,lW3@PoW}!LA'UL9,Berton,Fielding,2.16.219.177
962,cchurchingqp,"bR2,!qxFu=",Crin,Churching,192.215.7.144
963,dlawrenceqq,dN1|nYW!&Y1,Dexter,Lawrence,102.79.127.85
964,lbawdenqr,uE3$G$<4?v<&V.c,Lorita,Bawden,235.186.130.46
965,mpeatqs,"rM3.?CqN43N7,'",Mendie,Peat,116.32.2.162
966,nloanqt,cK1!b3n/Kg#8!(r,Neila,Loan,109.54.238.137
967,ktumiotoqu,nC4(_vZ<J0z,Karalee,Tumioto,181.138.80.193
968,ndoxeyqv,mA7(y5k@uy(,Nanci,Doxey,193.252.203.23
969,lcadoreqw,nV1!>`lVJ,Lorna,Cadore,219.171.87.172
970,gfawlteyqx,"dF5%_iU'""H%gEgA",Gratia,Fawltey,247.68.192.205
971,lpenvardenqy,xC9/1N@KY(Sq+wf',Lindy,Penvarden,84.76.18.191
972,gbolteqz,oS1+8>U!pp,Gayel,Bolte,82.63.47.147
973,adomneyr0,"pK5%I,tRgJf\k0u",Alexei,Domney,139.87.177.158
974,ltohillr1,"pS7/T0,,M'ukMa",Lawry,Tohill,216.202.128.208
975,dbearcroftr2,uY9)YB21|FNG@Q,Daniele,Bearcroft,63.72.232.60
976,jeyckelbeckr3,qP4&rtyJ3yb)`,Jacquelin,Eyckelbeck,8.155.172.85
977,wscottr4,"uC6!Xho0L,0%Xe{'",Winnifred,Scott,113.215.168.244
978,mlosebier5,yE9&9`0k,Melesa,Losebie,168.157.69.174
979,colanderr6,uM2/14Av79M)>OT\,Cecelia,Olander,104.159.184.214
980,hwankr7,aB9{OgNK}dL!rU,Hatti,Wank,72.123.206.34
981,astennetr8,"sV8?J,rpolm4pm",Alleen,Stennet,5.146.53.225
982,lyurchishinr9,fC6'/boH|<B\,Lind,Yurchishin,237.246.126.181
983,dburnipra,lK8_!@Omcu3m{X3m,Dougy,Burnip,161.255.177.4
984,bcrosherrb,rX0.1+$s>Vu5p*!,Bernice,Crosher,158.210.149.104
985,jryderrc,"gK1,Hf$2\hd)V",Janela,Ryder,194.134.221.215
986,taubryrd,"fJ5""$kR,",Tremain,Aubry,116.252.102.193
987,fhorsfieldre,fX0*Vg<Y|swC,Fleming,Horsfield,98.188.101.223
988,bjancsorf,kH8#=dRLc_4D=Y,Brittany,Jancso,236.150.194.150
989,nleaferg,jU9|p!WMuc,Ninette,Leafe,14.24.169.186
990,djaycockrh,"vI6""yr""d#?",Doria,Jaycock,224.223.117.98
991,ktingeyri,vG7(waCoej~x{{h@,Kort,Tingey,155.4.40.175
992,ldevauxrj,"qK8,%S|T_HC}N2Y<",Lucila,De Vaux,185.47.82.66
993,kmassimirk,rM9@5!YCRMQt,Katy,Massimi,201.105.176.23
994,tterrillrl,vS6+E1>2L,Toni,Terrill,46.215.238.38
995,hscaferm,gZ4'.M|UWJ?6qM,Hamilton,Scafe,161.42.94.101
996,gsilversonrn,tW6@K=L&*3X,Gibbie,Silverson,33.241.152.180
997,mmepstedro,nU4#88/7),Michaella,Mepsted,101.41.181.69
998,kcawdronrp,"cF4}fW)AMjlh3rN,",Kat,Cawdron,134.140.75.108
999,wworhamrq,yX0=XiWr}G*/,Wit,Worham,108.75.51.172
1000,mproverrr,"eH2""<wT3(o",Melosa,Prover,93.83.202.84
